[
    {
        "username": "sazzad",
        "email": "sazzadulislam944@gmail.com",
        "firstname": "Muhammad Sazzadul",
        "lastname": "Islam",
        "gender": "Male",
        "phone": "01641835762",
        "password": "sAZZ4646@!",
        "registerunder": "invisible"
    },
    {
        "username": "sajid haque",
        "email": "newtonsazzad944@gmail.com",
        "firstname": "sasasas",
        "lastname": "sdsdsdsdsdsd",
        "gender": "Male",
        "phone": "01641835762",
        "password": "passPASS12!@",
        "registerunder": "jatrabari"
    }
]